Category	SubGroup	Field Path	Type	Sample Value	Source	Description
Identity	Top-level	industry	str	Electronic Components	yfinance/Schwab	GICS industry
Identity	Top-level	name	str	GLW	yfinance/EODHD	Company name
Identity	Top-level	sector	str	Technology	yfinance/Schwab	GICS sector
Identity	Top-level	sector_n	int	50	computed	Number of tickers in this sector this scan
Identity	Top-level	ticker	str	GLW	scan	Stock symbol
Pricing	Top-level	atr_pct	float	6.34	computed	ATR as % of price
Pricing	Top-level	avg_volume	float	12384405.0	computed	20-day average volume
Pricing	Top-level	beta	float	1.136	yfinance	Beta vs SPY
Pricing	Top-level	price	float	186.94	EODHD/Schwab	Latest close or quote
Pricing	Top-level	rvol	float	1.66	computed	Relative volume vs 20d avg
Pricing	Top-level	volume	float	20551600.0	EODHD	Latest session volume
Scoring	Top-level	raw_growth_score	float	56.0	computed	Pillar: growth sub-score
Scoring	Top-level	raw_momentum_score	float	90.0	computed	Pillar: momentum sub-score
Scoring	Top-level	raw_score	int	87	computed	Raw additive score
Scoring	Top-level	raw_value_score	float	16.4	computed	Pillar: value sub-score
Scoring	Top-level	score	int	103	computed	Normalized 0-100 score (post-multiplier)
Scoring	Top-level	score_raw	float	100.0	computed	Pre-rounded normalized score
Scoring	Top-level	star_rating	int	4	computed	1-5 star pre-decision rating
Scoring	scoring_breakdown	scoring_breakdown.bonus_total	float	2.0	computed	Score bonus from tier-1 signals + zacks
Scoring	scoring_breakdown	scoring_breakdown.cat_score	float	13.0	computed	Catalyst pillar score (max 20)
Scoring	scoring_breakdown	scoring_breakdown.entry_rr_score	float	6.0	computed	Entry/RR adjustment
Scoring	scoring_breakdown	scoring_breakdown.final_score	float	100.0	computed	Final normalized score
Scoring	scoring_breakdown	scoring_breakdown.qg_score	float	3.0	computed	Quality gate score (max 10)
Scoring	scoring_breakdown	scoring_breakdown.raw_total	float	87.0	computed	Sum of 5 pillars
Scoring	scoring_breakdown	scoring_breakdown.rs_score	float	25.0	computed	RS+Sector pillar score (max 20)
Scoring	scoring_breakdown	scoring_breakdown.sm_score	float	7.0	computed	Smart Money pillar score (max 15)
Scoring	scoring_breakdown	scoring_breakdown.tech_score	float	33.0	computed	Technicals pillar score (max 35)
Scoring	scoring_breakdown	scoring_breakdown.wr_multiplier	float	1.1	computed	Live win-rate multiplier (setup × regime)
Verdict	Top-level	audit_trail	dict	gate_failures + decided_by	decision_engine	Why-this-is-X audit trail
Verdict	Top-level	bear_setup	dict	score, max, details	computed	Bear-side scoring result
Verdict	Top-level	bear_type	str		computed	If SHORT: which bear setup
Verdict	Top-level	caveats	list	soft warnings	decision_engine	Soft warnings (not gate failures)
Verdict	Top-level	conviction	dict	tier T3, size_mult 0.33	decision_engine	Conviction tier T1/T2/T3 + size multiplier
Verdict	Top-level	decision	dict	verdict, emoji, color	decision_engine	Full decision dict
Verdict	Top-level	decision_state	dict	FRESH/PULLBACK/VALID/EXTENDED/MISSED	decision_engine	Entry-zone state
Verdict	Top-level	gate	dict	pre-trade liquidity/earnings/regime	pre_trade_gate	Pre-trade gate
Verdict	Top-level	gates_evaluated	list	8-gate cascade	decision_engine	List of 8-gate cascade results
Verdict	Top-level	reject_reason	str	entry_quality=EXTENDED — wait for pullback	decision_engine	Top-level reason for WATCH/AVOID
Verdict	Top-level	verdict	str	WATCH	decision_engine	BUY / WATCH / SHORT / AVOID
Verdict	audit_trail	audit_trail.caveats	list	soft warnings	decision_engine	Caveats array
Verdict	audit_trail	audit_trail.decided_by	str	decision_engine.compute_final_verdict	decision_engine	Function that made the decision
Verdict	audit_trail	audit_trail.gate_failures	list	gate names that failed	decision_engine	Names of gates that blocked
Verdict	audit_trail	audit_trail.hard_gates_passed	bool	False	decision_engine	Did all hard gates pass
Verdict	audit_trail	audit_trail.reason	str	entry_quality=EXTENDED — wait for pullback	decision_engine	Top reason
Verdict	audit_trail	audit_trail.ticker	str	GLW	decision_engine	Subject ticker
Verdict	audit_trail	audit_trail.verdict	str	WATCH	decision_engine	Verdict value
Verdict	conviction	conviction.description	str	Quarter size — above threshold	decision_engine	Human description
Verdict	conviction	conviction.label	str	T3	decision_engine	T1/T2/T3/WATCH
Verdict	conviction	conviction.size_mult	float	0.33	decision_engine	Size multiplier
Verdict	conviction	conviction.tier	int	3	decision_engine	Tier number 1-3
Verdict	conviction	conviction.wr_size_adj	str	1.1× win-rate (VCP Breakout/neutral)	decision_engine	WR-based size adjustment description
Verdict	decision_state	decision_state.in_cloud	bool	False	decision_engine	Inside Ichimoku cloud
Verdict	decision_state	decision_state.label	str	Above value — set alert at primary zone	decision_engine	Human-readable zone label
Verdict	decision_state	decision_state.momentum_slowdown	bool	False	decision_engine	Momentum cooling flag
Verdict	decision_state	decision_state.no_edge_zone	bool	False	decision_engine	No-edge zone flag
Verdict	decision_state	decision_state.size_mult_by_zone	float	0.0	decision_engine	Size adjustment from zone state
Verdict	decision_state	decision_state.state	str	EXTENDED	decision_engine	FRESH/PULLBACK/VALID/EXTENDED/MISSED
Verdict	gate	gate.daily_dollar_vol	float	2315.1	pre_trade_gate	Daily dollar volume ($M)
Verdict	gate	gate.div_warning	null		pre_trade_gate	Dividend ex-date proximity warning
Verdict	gate	gate.drawdown_from_ath	float	5.7	pre_trade_gate	Drawdown from all-time high %
Verdict	gate	gate.gap_risk	dict	level, large_gaps_20d, avg_gap_pct	pre_trade_gate	Gap-risk profile
Verdict	gate	gate.passed	bool	True	pre_trade_gate	All pre-trade gates passed
Verdict	gate	gate.price	float	186.94	pre_trade_gate	Reference price
Verdict	gate	gate.reasons	list	empty	pre_trade_gate	Gate failure reasons
Verdict	gate	gate.weak_regime	bool	False	pre_trade_gate	Regime flagged as weak
Setup	Top-level	catalyst_meta	dict	per_tag, any_expired, soonest_expiry_days	computed	Catalyst meta info
Setup	Top-level	catalyst_tags	list	active catalyst names	computed	Active catalyst names
Setup	Top-level	catalyst_tier	int	1	tag_catalysts	T1 (PEAD/UOA/VCP) / T2 / T3
Setup	Top-level	entry_quality	str	EXTENDED	classify_entry_quality	FRESH/PULLBACK/VALID/EXTENDED/MISSED
Setup	Top-level	entry_subtype	str	Pivot Entry	computed	Sub-classifier
Setup	Top-level	entry_timing	str	Late	computed	FRESH/LATE/MISSED timing label
Setup	Top-level	factor_tags	list	PEAD/UOA	computed	Factor tags
Setup	Top-level	hold_period_guide	str	7-21d	classify_setup_family	Recommended hold period
Setup	Top-level	setup_family	str	Breakout Expansion	classify_setup_family	Breakout/Trend Continuation/Impulse/Special
Trade Plan	Top-level	canonical_trade_plan	dict	21-field canonical plan	K6 canonical_trade_plan	Single-source-of-truth dataclass
Trade Plan	Top-level	setup_quality	dict	GOOD label + sub-scores	compute_trade_plan	Quality label + momentum/strength/trend
Trade Plan	Top-level	trade_plan	dict	37 fields: entry/stop/targets/zones	compute_trade_plan	Full trade plan
Trade Plan	canonical_trade_plan	canonical_trade_plan.catalysts	dict	days_to_earnings, has_pead, has_uoa	K6 canonical_trade_plan	Catalyst context
Trade Plan	canonical_trade_plan	canonical_trade_plan.config_snapshot_hash	null		K6 canonical_trade_plan	Config hash for reproducibility
Trade Plan	canonical_trade_plan	canonical_trade_plan.conviction_tier	str	T3	K6 canonical_trade_plan	Conviction tier
Trade Plan	canonical_trade_plan	canonical_trade_plan.decided_at	str	2026-05-10T19:36:15	K6 canonical_trade_plan	Decision timestamp
Trade Plan	canonical_trade_plan	canonical_trade_plan.direction	str	long	K6 canonical_trade_plan	long/short/neutral
Trade Plan	canonical_trade_plan	canonical_trade_plan.entry	dict	low, mid, high	K6 canonical_trade_plan	Entry zone
Trade Plan	canonical_trade_plan	canonical_trade_plan.gates	dict	passed, failed, soft_caveats	K6 canonical_trade_plan	Gates summary
Trade Plan	canonical_trade_plan	canonical_trade_plan.git_commit	null		K6 canonical_trade_plan	Git commit for reproducibility
Trade Plan	canonical_trade_plan	canonical_trade_plan.hold_period_days	int	21	K6 canonical_trade_plan	Hold period in days
Trade Plan	canonical_trade_plan	canonical_trade_plan.position_size_pct	null		K6 canonical_trade_plan	Position size %
Trade Plan	canonical_trade_plan	canonical_trade_plan.regime	dict	regime_name, regime_confidence	K6 canonical_trade_plan	Regime context
Trade Plan	canonical_trade_plan	canonical_trade_plan.risk	dict	max_loss_pct, rr_ratio, beta_adj_size	K6 canonical_trade_plan	Risk metrics
Trade Plan	canonical_trade_plan	canonical_trade_plan.schema_version	int	1	K6 canonical_trade_plan	Schema version
Trade Plan	canonical_trade_plan	canonical_trade_plan.setup	dict	setup_type, mechanism_hypothesis	K6 canonical_trade_plan	Setup metadata
Trade Plan	canonical_trade_plan	canonical_trade_plan.shares	null		K6 canonical_trade_plan	Suggested share count
Trade Plan	canonical_trade_plan	canonical_trade_plan.stats	dict	n_historical, wr_point, wr_lower_bound	K6 canonical_trade_plan	Setup historical stats
Trade Plan	canonical_trade_plan	canonical_trade_plan.stop	float	176.75	K6 canonical_trade_plan	Stop loss price
Trade Plan	canonical_trade_plan	canonical_trade_plan.target1	float	215.13	K6 canonical_trade_plan	First target
Trade Plan	canonical_trade_plan	canonical_trade_plan.target2	float	234.32	K6 canonical_trade_plan	Second target
Trade Plan	canonical_trade_plan	canonical_trade_plan.ticker	str	GLW	K6 canonical_trade_plan	Ticker
Trade Plan	canonical_trade_plan	canonical_trade_plan.verdict	str	WATCH	K6 canonical_trade_plan	Verdict
Trade Plan	setup_quality	setup_quality.details	dict	trend_ok, ema_bull, weekly_bull, rsi_ok	computed	Detailed pass/fail per check
Trade Plan	setup_quality	setup_quality.groups_passed	int	3	computed	Number of quality groups passed
Trade Plan	setup_quality	setup_quality.label	str	GOOD	computed	GOOD/STRONG/WEAK
Trade Plan	setup_quality	setup_quality.momentum	int	3	computed	Momentum sub-score
Trade Plan	setup_quality	setup_quality.strength	int	3	computed	Strength sub-score
Trade Plan	setup_quality	setup_quality.trend	int	3	computed	Trend sub-score
Trade Plan	trade_plan	trade_plan.allocation_pct	float	6.7	compute_trade_plan	Allocation %
Trade Plan	trade_plan	trade_plan.beta	float	1.136	compute_trade_plan	Beta
Trade Plan	trade_plan	trade_plan.beta_adj_multiplier	float	0.88	compute_trade_plan	Beta-adjusted size multiplier
Trade Plan	trade_plan	trade_plan.beta_adj_note	str	β1.1 → 88% size adj	compute_trade_plan	Beta adjustment note
Trade Plan	trade_plan	trade_plan.deep_zone_high	float	158.71	compute_trade_plan	Deep pullback zone high
Trade Plan	trade_plan	trade_plan.deep_zone_low	float	146.85	compute_trade_plan	Deep pullback zone low
Trade Plan	trade_plan	trade_plan.direction	str	long	compute_trade_plan	long/short
Trade Plan	trade_plan	trade_plan.elliott_wave	dict	wave, type, swing_low, swing_high	compute_trade_plan	Elliott wave context
Trade Plan	trade_plan	trade_plan.elliott_wave_v1	dict	ew_state, ew_bullish, ew_bearish	compute_trade_plan	Elliott v1 enhanced classifier
Trade Plan	trade_plan	trade_plan.entry_high	float	189.31	compute_trade_plan	Entry zone high
Trade Plan	trade_plan	trade_plan.entry_low	float	183.38	compute_trade_plan	Entry zone low
Trade Plan	trade_plan	trade_plan.entry_zone	str	$183.38 - $189.31	compute_trade_plan	Entry zone string
Trade Plan	trade_plan	trade_plan.exit_family	str	breakout_expansion	compute_trade_plan	Exit rule family
Trade Plan	trade_plan	trade_plan.exit_params	dict	trail_activate_pct, trail_atr_mult, partial_at_t1	compute_trade_plan	Exit parameters
Trade Plan	trade_plan	trade_plan.exit_rules	list	8 rules	compute_trade_plan	Ordered exit rules
Trade Plan	trade_plan	trade_plan.expected_pullback	str	Shallow	compute_trade_plan	Shallow/Moderate/Deep
Trade Plan	trade_plan	trade_plan.fib_382	float	168.36	compute_trade_plan	38.2% Fibonacci retracement
Trade Plan	trade_plan	trade_plan.fib_500	float	159.13	compute_trade_plan	50% Fibonacci retracement
Trade Plan	trade_plan	trade_plan.fib_618	float	149.9	compute_trade_plan	61.8% Fibonacci retracement
Trade Plan	trade_plan	trade_plan.ichimoku_zone_bottom	null		compute_trade_plan	Ichimoku cloud bottom
Trade Plan	trade_plan	trade_plan.ichimoku_zone_top	null		compute_trade_plan	Ichimoku cloud top
Trade Plan	trade_plan	trade_plan.price	float	186.94	compute_trade_plan	Reference price
Trade Plan	trade_plan	trade_plan.price_tier	str	$100–$250	compute_trade_plan	Price bucket
Trade Plan	trade_plan	trade_plan.primary_zone_high	float	172.17	compute_trade_plan	Primary pullback zone high
Trade Plan	trade_plan	trade_plan.primary_zone_low	float	157.35	compute_trade_plan	Primary pullback zone low
Trade Plan	trade_plan	trade_plan.risk_flags	list	flag dicts	compute_trade_plan	Risk flags
Trade Plan	trade_plan	trade_plan.risk_per_share	float	10.19	compute_trade_plan	Risk per share $
Trade Plan	trade_plan	trade_plan.rr_ratio	float	3.0	compute_trade_plan	Risk/reward ratio
Trade Plan	trade_plan	trade_plan.setup_type	str	VCP Breakout	compute_trade_plan	Setup type label
Trade Plan	trade_plan	trade_plan.shallow_zone_high	float	176.41	compute_trade_plan	Shallow pullback zone high
Trade Plan	trade_plan	trade_plan.shallow_zone_low	float	170.49	compute_trade_plan	Shallow pullback zone low
Trade Plan	trade_plan	trade_plan.stop	float	176.75	compute_trade_plan	Stop loss
Trade Plan	trade_plan	trade_plan.target1	float	215.13	compute_trade_plan	First target
Trade Plan	trade_plan	trade_plan.target2	float	234.32	compute_trade_plan	Second target
Trade Plan	trade_plan	trade_plan.ticker	str	GLW	compute_trade_plan	Ticker
Trade Plan	trade_plan	trade_plan.zone_confluence	list	confluence factors	compute_trade_plan	Confluence factors
Trade Plan	trade_plan	trade_plan.zone_size_note	str	Size × 0.00 due to entry state EXTENDED	compute_trade_plan	Size note from zone state
Technicals	EMA Ladder	technicals.indicators.ema100	float	134.6	computed	100-period EMA
Technicals	EMA Ladder	technicals.indicators.ema13	float	169.93	computed	13-period EMA
Technicals	EMA Ladder	technicals.indicators.ema13_slope_up	bool	True	computed	EMA13 slope positive
Technicals	EMA Ladder	technicals.indicators.ema20	float	166.36	computed	20-period EMA
Technicals	EMA Ladder	technicals.indicators.ema200	float	111.32	computed	200-period EMA
Technicals	EMA Ladder	technicals.indicators.ema21	float	165.88	computed	21-period EMA
Technicals	EMA Ladder	technicals.indicators.ema34	float	159.82	computed	34-period EMA
Technicals	EMA Ladder	technicals.indicators.ema5	float	177.41	computed	5-period EMA
Technicals	EMA Ladder	technicals.indicators.ema50	float	152.78	computed	50-period EMA
Technicals	EMA Ladder	technicals.indicators.ema55	float	150.7	computed	55-period EMA
Technicals	EMA Ladder	technicals.indicators.ema5_above_13	bool	True	computed	EMA5 above EMA13
Technicals	EMA Ladder	technicals.indicators.ema5_cross_bear	bool	False	computed	EMA5 crossed below EMA13 today
Technicals	EMA Ladder	technicals.indicators.ema5_cross_bull	bool	False	computed	EMA5 crossed above EMA13 today
Technicals	EMA Ladder	technicals.indicators.ema5_slope_up	bool	True	computed	EMA5 slope positive
Technicals	EMA Ladder	technicals.indicators.ema8	float	173.45	computed	8-period EMA
Technicals	EMA Ladder	technicals.indicators.ema_signal	str	BULLISH STACK	computed	EMA stack status
Technicals	EMA Ladder	technicals.indicators.emas_above	int	5	computed	Number of EMAs price is above
Technicals	EMA Ladder	technicals.indicators.weekly_ema21	float	135.69	computed	Weekly EMA21
Technicals	EMA Ladder	technicals.indicators.weekly_ema8	float	161.1	computed	Weekly EMA8
Technicals	EMA Ladder	technicals.indicators.weekly_ema_bearish	bool	False	computed	Weekly EMA bearish
Technicals	EMA Ladder	technicals.indicators.weekly_ema_bullish	bool	True	computed	Weekly EMA bullish
Technicals	Location-Adjusted Volume	technicals.indicators.at_resistance	bool	True	computed	Price at resistance level
Technicals	Location-Adjusted Volume	technicals.indicators.at_support	bool	False	computed	Price at support level
Technicals	Location-Adjusted Volume	technicals.indicators.lav_label	str	Distribution at resistance	computed	Location-adjusted volume label
Technicals	Location-Adjusted Volume	technicals.indicators.lav_score	int	-2	computed	Location-adjusted volume score
Technicals	Location-Adjusted Volume	technicals.indicators.loc_vol_at_resistance	bool	True	computed	Location vs resistance
Technicals	Location-Adjusted Volume	technicals.indicators.loc_vol_at_support	bool	False	computed	Location vs support
Technicals	Location-Adjusted Volume	technicals.indicators.loc_vol_label	str	Distribution at resistance	computed	Location volume label
Technicals	Location-Adjusted Volume	technicals.indicators.loc_vol_score	int	-2	computed	Location volume score
Technicals	Momentum	technicals.indicators.adx	float	35.0	computed	ADX trend strength
Technicals	Momentum	technicals.indicators.adx_minus_di	float	8.9	computed	-DI line
Technicals	Momentum	technicals.indicators.adx_plus_di	float	45.1	computed	+DI line
Technicals	Momentum	technicals.indicators.adx_trending	bool	True	computed	ADX > 25
Technicals	Momentum	technicals.indicators.cmf	float	-0.144	computed	Chaikin Money Flow
Technicals	Momentum	technicals.indicators.cmf_accumulating	bool	False	computed	CMF positive (accumulation)
Technicals	Momentum	technicals.indicators.macd_bullish	bool	True	computed	MACD bullish flag
Technicals	Momentum	technicals.indicators.macd_signal	str	GOLDEN CROSS	computed	MACD trend
Technicals	Momentum	technicals.indicators.mfi	float	66.4	computed	Money Flow Index
Technicals	Momentum	technicals.indicators.mfi_bullish	bool	True	computed	MFI bullish
Technicals	Momentum	technicals.indicators.rsi	float	66.7	computed	14-period RSI
Technicals	Momentum	technicals.indicators.stoch_k_above_d	bool	True	computed	Stoch K above D
Technicals	Momentum	technicals.indicators.stoch_overbought	bool	True	computed	Stoch > 80
Technicals	Momentum	technicals.indicators.stoch_oversold	bool	False	computed	Stoch < 20
Technicals	Momentum	technicals.indicators.stoch_rsi_d	float	65.9	computed	StochRSI %D
Technicals	Momentum	technicals.indicators.stoch_rsi_k	float	85.7	computed	StochRSI %K
Technicals	Pattern	technicals.indicators.candle_patterns	list	candle pattern names	computed	Detected candle patterns
Technicals	Pattern	technicals.indicators.fractal_high	null		computed	Most recent fractal high
Technicals	Pattern	technicals.indicators.fractal_highs	list	3 fractal levels	computed	Fractal highs array
Technicals	Pattern	technicals.indicators.fractal_low	float	148.17	computed	Most recent fractal low
Technicals	Pattern	technicals.indicators.fractal_lows	list	3 fractal levels	computed	Fractal lows array
Technicals	Pattern	technicals.indicators.fractal_signal	str	NO DATA	computed	Fractal pattern label
Technicals	Pattern	technicals.indicators.holy_grail_setup	bool	False	computed	Holy Grail bounce setup
Technicals	Pattern	technicals.indicators.near_vcp	bool	False	computed	Near VCP pivot
Technicals	Pattern	technicals.indicators.pocket_pivot	bool	False	computed	Pocket pivot signal
Technicals	Pattern	technicals.indicators.stage2	bool	False	computed	Weinstein stage 2 uptrend
Technicals	Pattern	technicals.indicators.vcp	bool	True	computed	VCP pattern detected
Technicals	Pattern	technicals.indicators.vcp_contractions	int	2	computed	Number of VCP contractions
Technicals	Pattern	technicals.indicators.vcp_pivot	float	179.98	computed	VCP pivot price
Technicals	Pattern	technicals.indicators.vcp_tightness	float	16.5	computed	VCP tightness %
Technicals	Pattern	technicals.indicators.vcp_vol_dry_up	bool	False	computed	VCP volume dryup
Technicals	Position vs Reference	technicals.indicators.above_200sma	bool	True	computed	Price above 200SMA
Technicals	Position vs Reference	technicals.indicators.above_20ema	bool	True	computed	Price above 20EMA
Technicals	Position vs Reference	technicals.indicators.above_50ema	bool	True	computed	Price above 50EMA
Technicals	Position vs Reference	technicals.indicators.day_change_pct	float	2.49	computed	Day change %
Technicals	Position vs Reference	technicals.indicators.prev_close	float	182.4	computed	Previous close
Technicals	Position vs Reference	technicals.indicators.price_above_ema5	bool	True	computed	Price above EMA5
Technicals	Range / 52w	technicals.indicators.at_52w_breakout	bool	False	computed	At 52w breakout
Technicals	Range / 52w	technicals.indicators.high_52w	float	198.25	computed	52-week high
Technicals	Range / 52w	technicals.indicators.low_52w	float	46.34	computed	52-week low
Technicals	Range / 52w	technicals.indicators.near_52w_high	bool	False	computed	Within 5% of 52w high
Technicals	Range / 52w	technicals.indicators.near_52w_low	bool	False	computed	Within 5% of 52w low
Technicals	Range / 52w	technicals.indicators.pct_from_52w_high	float	5.7	computed	% from 52w high
Technicals	Relative Strength / Sector	technicals.indicators.outperforming_sector	bool	True	computed	Outperforming sector ETF
Technicals	Relative Strength / Sector	technicals.indicators.outperforming_spy	bool	True	computed	Outperforming SPY
Technicals	Relative Strength / Sector	technicals.indicators.rs_63d_pct	float	42.5	computed	63d RS % outperformance
Technicals	Relative Strength / Sector	technicals.indicators.rs_rank	int	100	computed	RS rank 0-100
Technicals	Relative Strength / Sector	technicals.indicators.sector_rank	int	1	computed	Rank within sector
Technicals	Relative Strength / Sector	technicals.indicators.sector_rotation_label	str	Strong sector inflow	computed	Sector rotation label
Technicals	Relative Strength / Sector	technicals.indicators.sector_rotation_score	int	2	computed	Sector rotation score
Technicals	Relative Strength / Sector	technicals.indicators.sector_rotation_trend	str	inflow	computed	Inflow/outflow/neutral
Technicals	Relative Strength / Sector	technicals.indicators.sector_underperform	bool	False	computed	Sector underperforming
Technicals	Relative Strength / Sector	technicals.indicators.sector_vs_spy_pct	float	17.42	computed	Sector ETF vs SPY %
Technicals	S/R / VWAP	technicals.indicators.above_avwap	bool	True	computed	Price above anchored VWAP
Technicals	S/R / VWAP	technicals.indicators.above_vwap	bool	True	computed	Price above VWAP
Technicals	S/R / VWAP	technicals.indicators.avwap_swing_low	float	152.37	computed	Anchored VWAP from swing low
Technicals	S/R / VWAP	technicals.indicators.resistance	float	189.12	computed	Resistance level
Technicals	S/R / VWAP	technicals.indicators.support	float	138.55	computed	Support level
Technicals	S/R / VWAP	technicals.indicators.vwap	float	170.39	computed	VWAP
Technicals	Trend Signal	technicals.indicators.bullish_stack	bool	True	computed	EMA bullish stack
Technicals	Trend Signal	technicals.indicators.death_cross	bool	False	computed	Death cross flag
Technicals	Trend Signal	technicals.indicators.fib_ribbon	str	BULL RIBBON	computed	Fibonacci ribbon state
Technicals	Trend Signal	technicals.indicators.fib_ribbon_spread	float	14.29	computed	Fib ribbon spread
Technicals	Trend Signal	technicals.indicators.fib_ribbon_state	str	EXPANDING	computed	Expanding/contracting
Technicals	Trend Signal	technicals.indicators.golden_cross	bool	True	computed	Golden cross flag
Technicals	Trend Signal	technicals.indicators.sar	float	150.06	computed	Parabolic SAR value
Technicals	Trend Signal	technicals.indicators.sar_bullish	bool	True	computed	SAR bullish
Technicals	Trend Signal	technicals.indicators.sar_flipped	bool	True	computed	SAR flipped recently
Technicals	Trend Signal	technicals.indicators.supertrend_bull	bool	True	computed	Supertrend bullish
Technicals	Trend Signal	technicals.indicators.supertrend_flips	int	0	computed	Supertrend flips count
Technicals	Trend Signal	technicals.indicators.supertrend_value	float	151.44	computed	Supertrend line value
Technicals	Trend Signal	technicals.indicators.trend_age_bars	int	4	computed	Bars since trend started
Technicals	Trend Signal	technicals.indicators.trend_age_label	str	Young trend (4d)	computed	Trend age label
Technicals	Trend Signal	technicals.indicators.trend_direction	str	strong uptrend	computed	Trend direction label
Technicals	Volatility / Squeeze	technicals.indicators.atr	float	11.85	computed	ATR (14-period)
Technicals	Volatility / Squeeze	technicals.indicators.atr_pct	float	6.34	computed	ATR as % of price
Technicals	Volatility / Squeeze	technicals.indicators.bars_in_squeeze	int	0	computed	Bars in TTM squeeze
Technicals	Volatility / Squeeze	technicals.indicators.bb_pct_b	float	1.01	computed	Bollinger %B
Technicals	Volatility / Squeeze	technicals.indicators.enhanced_squeeze_label	str	No squeeze signal	computed	Enhanced squeeze label
Technicals	Volatility / Squeeze	technicals.indicators.enhanced_squeeze_probability	int	2	computed	Enhanced squeeze probability
Technicals	Volatility / Squeeze	technicals.indicators.squeeze_direction	str	bullish	computed	Squeeze direction
Technicals	Volatility / Squeeze	technicals.indicators.squeeze_fired	bool	True	computed	Squeeze just fired
Technicals	Volatility / Squeeze	technicals.indicators.squeeze_on	bool	False	computed	Squeeze currently on
Technicals	Volume / Flow	technicals.indicators.breakout_vol_ratio	float	1.73	computed	Breakout volume ratio
Technicals	Volume / Flow	technicals.indicators.obv_rising	bool	True	computed	OBV rising
Technicals	Volume / Flow	technicals.indicators.power_days	int	4	computed	Power days count
Technicals	Volume / Flow	technicals.indicators.power_trend	bool	False	computed	Power trend active
Technicals	Volume / Flow	technicals.indicators.pp_vol_ratio	float	0.0	computed	Pocket pivot volume ratio
Technicals	Volume / Flow	technicals.indicators.rvol	float	1.66	computed	Relative volume
SMC	Top-level	smc	dict	score, order_blocks, fvg_zones	smc_module	Smart Money Concepts
SMC	smc	smc.bos_choch	dict	bos_bullish, choch_bullish	smc_module	Break-of-structure / change-of-character
SMC	smc	smc.fvg_zones	list	Fair Value Gap zones	smc_module	FVG zones
SMC	smc	smc.liquidity_sweeps	list	Stop-hunt detections	smc_module	Liquidity sweeps
SMC	smc	smc.order_blocks	list	OB list	smc_module	Order blocks
SMC	smc	smc.score	float	1.5	smc_module	SMC score
SMC	smc	smc.smc_direction	str	bullish	smc_module	SMC direction
Elliott Wave	Top-level	elliott_wave	dict	wave_number, wave_label, fib_levels	classify_elliott_wave	Elliott wave classifier
Elliott Wave	elliott_wave	elliott_wave.confidence	str	medium	classify_elliott_wave	Confidence level
Elliott Wave	elliott_wave	elliott_wave.description	str	Corrective pullback — Wave 4	classify_elliott_wave	Description text
Elliott Wave	elliott_wave	elliott_wave.fib_levels	dict	Fib retracement levels	classify_elliott_wave	Fib levels dict
Elliott Wave	elliott_wave	elliott_wave.swing_base	float	148.17	classify_elliott_wave	Swing base price
Elliott Wave	elliott_wave	elliott_wave.swing_top	float	179.08	classify_elliott_wave	Swing top price
Elliott Wave	elliott_wave	elliott_wave.trend	str	bullish	classify_elliott_wave	Trend direction
Elliott Wave	elliott_wave	elliott_wave.wave_label	str	Wave 4 (Correction)	classify_elliott_wave	Wave label
Elliott Wave	elliott_wave	elliott_wave.wave_number	int	4	classify_elliott_wave	Wave number
Fundamentals	Top-level	analyst	dict	target_mean, target_high, upside_pct	computed	Analyst targets + upgrades + EPS trend
Fundamentals	Top-level	eps_trend	dict	current_q_est, revision_direction	computed	EPS estimate trend
Fundamentals	Top-level	extra_fund	dict	ev_ebitda, p_fcf, roa, roe	get_extra_fundamentals	Extra fundamentals
Fundamentals	Top-level	finnhub	dict	pe, eps, 52w_high, 52w_low	schwab-fund-shim	Finnhub-shape fundamentals
Fundamentals	Top-level	fmp	dict	pe, ps, pb, debt_equity	schwab-fund-shim	FMP-shape fundamentals
Fundamentals	Top-level	fundamentals	dict	score, max, bull_drivers, bear_risks	score_fundamentals	Composite pillar
Fundamentals	analyst	analyst.target_high	float	190.0	computed	Analyst target high
Fundamentals	analyst	analyst.target_low	float	105.0	computed	Analyst target low
Fundamentals	analyst	analyst.target_mean	float	162.6	computed	Analyst target mean
Fundamentals	analyst	analyst.total_analysts	int	0	computed	Total analyst count
Fundamentals	analyst	analyst.upside_pct	float	0.3	computed	Upside % from current price
Fundamentals	extra_fund	extra_fund.dividend_yield	float	0.000061	get_extra_fundamentals	Dividend yield
Fundamentals	extra_fund	extra_fund.gross_margin	float	0.3638	get_extra_fundamentals	Gross margin
Fundamentals	extra_fund	extra_fund.ps_ratio	float	9.8577	get_extra_fundamentals	P/S ratio
Fundamentals	extra_fund	extra_fund.roa	float	0.0538	get_extra_fundamentals	Return on assets
Fundamentals	extra_fund	extra_fund.roe	float	0.1674	get_extra_fundamentals	Return on equity
Options	Top-level	gamma	dict	gamma_score, call_oi_skew	computed	Gamma exposure
Options	Top-level	optionality	dict	score, max, rr_ratio	score_optionality	Pillar score for options/UOA
Options	Top-level	options_chain	dict	calls, puts	Schwab Trader API	Raw option chain
Options	Top-level	options_data	dict	iv_rank, put_call_ratio, max_pain	Schwab Trader API	IV/PCR/OI snapshot
Options	Top-level	options_intel	null		computed	Aggregated intel summary
Options	Top-level	options_intelligence	dict	iv_skew, pc_ratio, max_pain	computed	Gamma walls, IV skew, dominant flow
Options	Top-level	options_kpis	dict	IV %ile, gamma_net, term_structure	computed	Options KPIs + verdict
Options	Top-level	uoa	dict	alerts, smart_money	computed	UOA flag/details
Options	options_data	options_data.current_iv	float	73.321	Schwab Trader API	Current IV %
Options	options_data	options_data.max_pain	float	170.0	Schwab Trader API	Max pain strike
Options	options_data	options_data.put_call_ratio	float	0.236	Schwab Trader API	Put/call ratio
Options	options_data	options_data.total_call_oi	int	44236	Schwab Trader API	Total call OI
Options	options_data	options_data.total_call_vol	int	29638	Schwab Trader API	Total call volume
Options	options_data	options_data.total_put_oi	int	9488	Schwab Trader API	Total put OI
Options	options_data	options_data.total_put_vol	int	6989	Schwab Trader API	Total put volume
Options	options_data	options_data.uoa_calls	int	1	Schwab Trader API	UOA call count
Options	options_data	options_data.uoa_puts	int	0	Schwab Trader API	UOA put count
Smart Money	Top-level	congressional	dict	purchases, sales, net	Senate Stock Watcher	Congressional trades
Smart Money	Top-level	insider_data	dict	buys, sells, sentiment	EODHD/SEC EDGAR	Insider buys/sells
Smart Money	Top-level	inst_trend	dict	inst_pct, inst_trend, top_holders	computed	Institutional ownership trend
Smart Money	Top-level	sec_filings	dict	filings, has_material_event	SEC EDGAR	Recent SEC filings
Smart Money	insider_data	insider_data.buys	int	61	EODHD/SEC EDGAR	Insider buy count
Smart Money	insider_data	insider_data.ceo_buy	bool	False	EODHD/SEC EDGAR	CEO bought recently
Smart Money	insider_data	insider_data.cfo_buy	bool	False	EODHD/SEC EDGAR	CFO bought recently
Smart Money	insider_data	insider_data.days_since_last	int	2	EODHD/SEC EDGAR	Days since last insider trade
Smart Money	insider_data	insider_data.sells	int	0	EODHD/SEC EDGAR	Insider sell count
Smart Money	insider_data	insider_data.sentiment	str	bullish	EODHD/SEC EDGAR	Insider sentiment
Smart Money	inst_trend	inst_trend.inst_pct	float	77.9	computed	Institutional ownership %
Smart Money	inst_trend	inst_trend.inst_trend	str	increasing	computed	Trend direction
Smart Money	inst_trend	inst_trend.net_change_pct	float	3.61	computed	Net change % QoQ
Smart Money	inst_trend	inst_trend.total_holders	int	10	computed	Total holder count
Sentiment	Top-level	news_articles	list	news article dicts	EODHD+yfinance	Raw news article list
Sentiment	Top-level	news_data	dict	score, headlines, bias	computed	Aggregated news metadata
Sentiment	Top-level	news_sentiment_score	dict	score, momentum, breaking	compute_news_sentiment_score	News sentiment aggregate
Sentiment	Top-level	reddit_wsb	dict	mentions, avg_score, sentiment	Reddit/WSB scrape	Reddit/WSB mentions + sentiment
Sentiment	Top-level	sentiment	dict	score, max, details	score_sentiment	Sentiment pillar
Sentiment	Top-level	stocktwits	dict	bullish, bearish, neutral, bull_pct	StockTwits scrape	StockTwits sentiment
Zacks	Top-level	gmail_bonus	dict	bonus, signals, rank_from_email	gmail Zacks scraper	Premium service email mentions
Zacks	Top-level	grade_growth	str	A	Zacks Premium scrape	Zacks Growth grade
Zacks	Top-level	grade_momentum	str	A	Zacks Premium scrape	Zacks Momentum grade
Zacks	Top-level	grade_value	str	F	Zacks Premium scrape	Zacks Value grade
Zacks	Top-level	grade_vgm	str	A	Zacks Premium scrape	Combined VGM grade
Zacks	Top-level	vgm_verdict	str	Strong Buy	computed	VGM verdict
Zacks	Top-level	zacks_rank1	bool	False	Zacks Premium scrape	In Zacks Rank #1 universe
Zacks	Top-level	zacks_sell	bool	False	Zacks Premium scrape	In Zacks Sell list
Regime	Top-level	market_phase	str	Trend	computed	Bull/early bull/late bull/correction/bear
Regime	Top-level	regime4	str	risk_on_choppy	get_market_regime	risk_on_trending/choppy/risk_off/panic
Risk	Top-level	kelly_size	dict	kelly_pct, half_kelly_pct, regime_mult	kelly_position_size	Full Kelly sizing stack
Risk	Top-level	mc_p_profit	float	0.72	compute_mc_p_profit	Monte Carlo probability of profit
Risk	Top-level	sizing_multiplier	float	1.1	computed	Composite sizing multiplier
Risk	kelly_size	kelly_size.cvar_975_pct	float	-14.19	kelly_position_size	CVaR at 97.5%
Risk	kelly_size	kelly_size.drawdown_mult	float	0.2	kelly_position_size	Drawdown size multiplier
Risk	kelly_size	kelly_size.drawdown_pct	float	15.55	kelly_position_size	Current drawdown %
Risk	kelly_size	kelly_size.final_alloc_pct	float	0.0	kelly_position_size	Final allocation %
Risk	kelly_size	kelly_size.half_kelly_pct	float	23.0	kelly_position_size	Half-Kelly %
Risk	kelly_size	kelly_size.kelly_pct	float	45.9	kelly_position_size	Full Kelly %
Risk	kelly_size	kelly_size.live_win_rate	float	61.2	kelly_position_size	Live win-rate
Risk	kelly_size	kelly_size.regime_max_size_pct	float	0.7	kelly_position_size	Regime size cap
Risk	kelly_size	kelly_size.regime_mult	float	0.7	kelly_position_size	Regime multiplier
Risk	kelly_size	kelly_size.suggested_shares	int	0	kelly_position_size	Suggested share count
Risk	kelly_size	kelly_size.vix_mult	float	1.0	kelly_position_size	VIX multiplier
Theory	Top-level	theory_confluence	dict	bull/bear count, hard_gate_pass	compute_theory_confluence	Multi-theory confluence
Theory	theory_confluence	theory_confluence.bear_count	int	1	compute_theory_confluence	Bear-aligned theory count
Theory	theory_confluence	theory_confluence.bull_count	int	1	compute_theory_confluence	Bull-aligned theory count
Theory	theory_confluence	theory_confluence.direction	str	NEUTRAL	compute_theory_confluence	BULL/BEAR/NEUTRAL
Theory	theory_confluence	theory_confluence.eligible_theories	list	theories evaluated	compute_theory_confluence	Eligible theories
Theory	theory_confluence	theory_confluence.evidence_summary	str	No confluence	compute_theory_confluence	Evidence summary
Theory	theory_confluence	theory_confluence.hard_gate_pass	bool	False	compute_theory_confluence	Hard gate pass
Theory	theory_confluence	theory_confluence.min_required	int	2	compute_theory_confluence	Min required for confluence
Tier1 Signals	Top-level	tier1_signals	dict	total_points, signals, narratives	tier1_signals.py	Tier-1 additive signals
Tier1 Signals	tier1_signals	tier1_signals.active_count	int	1	tier1_signals.py	Active signal count
Tier1 Signals	tier1_signals	tier1_signals.narratives	list	signal narratives	tier1_signals.py	Narrative strings
Tier1 Signals	tier1_signals	tier1_signals.total_points	int	0	tier1_signals.py	Total bonus points
Multi-Timeframe	Top-level	long_term	dict	score, verdict, gate_pass	computed	Long-term timeframe
Multi-Timeframe	Top-level	medium_term	dict	score, verdict, gate_status	computed	Medium-term timeframe
Multi-Timeframe	Top-level	mtf_conflict	bool	False	computed	MTF conflict flag
Multi-Timeframe	Top-level	mtf_label	str		computed	MTF agreement label
Multi-Timeframe	Top-level	tf_4h	dict	4-hour data	computed	4-hour timeframe
Earnings	Top-level	earnings	dict	earnings_date, days_to_earnings	computed	Earnings risk context
Earnings	Top-level	earnings_warning	null		computed	Warning if upcoming earnings
Bookkeeping	Top-level	_sector_rotation_bonus	bool	True	computed	Bonus from sector rotation
Bookkeeping	Top-level	direction	str	long	computed	long/short/neutral
Bookkeeping	Top-level	kpi	dict	quote_age_s, spread_bp	computed	Live quote KPIs
Bookkeeping	Top-level	methodology_checklist	dict	checks, passes, verdict	computed	Pre-pick check items
Bookkeeping	Top-level	ohlcv	list	90-day OHLCV bars	data_fetcher	OHLCV window
Bookkeeping	Top-level	price_tier	str	$100–$250	computed	Price tier label
Bookkeeping	Top-level	quote_snapshot	dict	live delayed quote	real_time	Live quote snapshot
Bookkeeping	Top-level	reaction_checklist	list	post-pick checks	computed	Post-pick check items
Bookkeeping	Top-level	sector_pct_rank	float	100.0	computed	Percentile rank within sector
Bookkeeping	Top-level	ticker_source	str	sp500	swing_trade	Universe source
Bookkeeping	Top-level	trade_thesis	str	GLW T3 long — VCP Breakout	compose_thesis	Narrative thesis
Bookkeeping	Top-level	tv_rating	dict	TradingView aggregate	TradingView scrape	TradingView rating
Bookkeeping	Top-level	zone_quality	dict	label, points, reasons	computed	Entry zone quality
